ThresholdBias,MeanDice
-0.24,0.815674435573968
-0.23,0.818582357896345
-0.22,0.822823980336345
-0.21,0.861832150313622
-0.2,0.86287417787609
-0.19,0.863472857903422
